<ehcache maxBytesLocalOnHeap="200m" maxBytesLocalDisk="1g" >
<!--  maxBytesLocalOffHeap="400m" -->
<diskStore path="/tmp/SAIM/cache/"/>
<cache name="test"
 diskPersistent="false"
		eternal="false"
        maxElementsInMemory="100">
</cache>
<cache name="classmatching"
 diskPersistent="true"
		eternal="true"
        maxElementsInMemory="100">
</cache>
<cache name="propertymapping"
 diskPersistent="true"
		eternal="true"
        maxElementsInMemory="1000">
</cache>
<cache name="automaticpropertymapping"
 diskPersistent="true"
		eternal="true"
        maxElementsInMemory="1000">
</cache>
<cache name="properties"
 diskPersistent="true"
		eternal="true"
        maxElementsInMemory="1000">
</cache>
<cache name="subclasses"
 diskPersistent="true"
		eternal="true"
        maxElementsInMemory="10000">
</cache>
<cache name="rootclasses"
 diskPersistent="true"
		eternal="true"
        maxElementsInMemory="1000">
</cache>
<!-- 
<cache name="metric"
 diskPersistent="true"
		eternal="true"
        maxElementsInMemory="1000">
</cache>
<cache name="subclasses"
 diskPersistent="true"
		eternal="true"
        maxElementsInMemory="10000">
</cache>
<cache 	name="topclasses"
 		diskPersistent="true"
		eternal="true"
        maxElementsInMemory="10000">
</cache> -->
</ehcache>